target,gene,clade,n_tips,rLR,rp,rK,rpos,bLR,bp,bpos
RSVA,M,A.D.3.3,12,1.811521608657131,0.1783258064379385,9.309999286560958,NS,0,0.5,NS
