target,gene,clade,n_tips,rLR,rp,rK,rpos,bLR,bp,bpos
RSVA,F,A.D.3.3,24,1.986133158734447,0.1587457795954264,2.210056223232328,NS,1.151901690745945,0.2810850388777129,NS
