target,gene,clade,n_tips,rLR,rp,rK,rpos,bLR,bp,bpos
RSVA,F,A.D.3.3,24,2.288227358469157,0.1303587298706546,2.051951285483852,NS,1.352330165691455,0.2542817783027265,NS
