target,gene,clade,n_tips,rLR,rp,rK,rpos,bLR,bp,bpos
RSVA,P,A.D.3.4,6,1.567920633957328,0.2105092452542809,3.461587256253196,NS,4.504965074405845,0.05256894579491522,NS
