target,gene,clade,n_tips,rLR,rp,rK,rpos,bLR,bp,bpos
RSVB,NS2,B.D.4.1,24,0.1388032752383879,0.7094736288423926,0.8465562454730784,NS,1.817110045643858,0.2015531413747444,NS
