target,gene,clade,n_tips,rLR,rp,rK,rpos,bLR,bp,bpos
RSVA,P,A.D.3,14,5.265209396013233,0.02175580534382737,5.150483622718598,R-intensified,2.15156628571367,0.1705152875007199,NS
