target,gene,clade,n_tips,rLR,rp,rK,rpos,bLR,bp,bpos
RSVA,P,A.D.3.7,5,5.681295838010556,0.01714669929530466,0,R-relaxed,0.002473780997206632,0.4993819370675483,NS
