target,gene,clade,n_tips,rLR,rp,rK,rpos,bLR,bp,bpos
RSVA,P,A.D.3.4,6,1.571656138436083,0.2099666652622491,3.456029571899986,NS,4.306518279933698,0.05805256879043086,NS
