target,gene,clade,n_tips,rLR,rp,rK,rpos,bLR,bp,bpos
RSVA,M,A.D.1.5,18,0.2865941947366082,0.5924113626043247,0.8727919673339121,NS,0,0.5,NS
