target,gene,clade,n_tips,rLR,rp,rK,rpos,bLR,bp,bpos
RSVA,M,A.D.3.2,6,1.38470910221622,0.2393006417743001,0.6688188576695852,NS,0,0.5,NS
