target,gene,clade,n_tips,rLR,rp,rK,rpos,bLR,bp,bpos
RSVA,G,A.D.1.9,21,12.83172997711881,0.0003407905197686523,5.764445495498205,R-intensified,5.418792313879749,0.03328849832021824,B-diversifying
