target,gene,clade,n_tips,rLR,rp,rK,rpos,bLR,bp,bpos
RSVB,NS2,B.D.E.1,128,0.03896770067785837,0.8435126652305716,1.032146516395813,NS,41.70630391761642,4.390977026424991e-10,B-diversifying
