target,gene,clade,n_tips,rLR,rp,rK,rpos,bLR,bp,bpos
RSVA,M2-1,A.D.1.9,12,0.1832893694258928,0.6685615160578768,0.8743158399959036,NS,0,0.5,NS
