target,gene,clade,n_tips,rLR,rp,rK,rpos,bLR,bp,bpos
RSVB,M2-1,B.D.4.1,20,1.512070238799879,0.218823457948942,0.743424013317218,NS,0,0.5,NS
