target,gene,clade,n_tips,rLR,rp,rK,rpos,bLR,bp,bpos
RSVB,M2-1,B.D.E.1,105,0.3501758593783961,0.5540135972632347,1.245353407579712,NS,0,0.5,NS
