target,gene,clade,n_tips,rLR,rp,rK,rpos,bLR,bp,bpos
RSVA,M2-1,A.D.3.3,12,0.1013951535605884,0.7501617757461376,0.8686355734845463,NS,0.5906865900110461,0.3721380186721173,NS
