target,gene,clade,n_tips,rLR,rp,rK,rpos,bLR,bp,bpos
RSVA,P,A.D.5.2,29,3.796564489906814,0.05135785688613748,2.924455001846265,NS,0.7029010952319368,0.3518333235397253,NS
