target,gene,clade,n_tips,rLR,rp,rK,rpos,bLR,bp,bpos
RSVA,P,A.D.3.2,5,1.563957313208448,0.2110867330244064,0.2752601759291586,NS,0,0.5,NS
