target,gene,clade,n_tips,rLR,rp,rK,rpos,bLR,bp,bpos
RSVA,F,A.D.3.1,14,1.447753724161885,0.228888728777015,1.661348198412516,NS,4.82638019128899,0.04476461586170333,B-diversifying
