target,gene,clade,n_tips,rLR,rp,rK,rpos,bLR,bp,bpos
RSVB,F,B.D.E.1,256,1.412460850551724,0.2346483073408154,2.37189642983532,NS,1.290036791951934,0.2623264452455735,NS
