target,gene,clade,n_tips,rLR,rp,rK,rpos,bLR,bp,bpos
RSVB,F,B.D.E.1,230,1.80072277099498,0.1796251400125098,2.075211158020434,NS,1.796202098033973,0.2036712245385821,NS
