target,gene,clade,n_tips,rLR,rp,rK,rpos,bLR,bp,bpos
RSVA,NS2,A.D.3,13,9.083265918244251,0.002579589630695489,0.1916345599946724,R-relaxed,0.01707433857018259,0.4957495844311677,NS
