target,gene,clade,n_tips,rLR,rp,rK,rpos,bLR,bp,bpos
RSVA,P,A.D.3.7,5,5.684918830434981,0.0171113310453922,0,R-relaxed,-0.0009884042283374583,0.5,NS
