target,gene,clade,n_tips,rLR,rp,rK,rpos,bLR,bp,bpos
RSVB,M2-2,B.D.4.1,11,0.4713832366501265,0.4923515024192691,0.08288174013117106,NS,0,0.5,NS
