target,gene,clade,n_tips,rLR,rp,rK,rpos,bLR,bp,bpos
RSVA,M,A.D.3.9,6,0.5860627580777873,0.4439456772253959,11.60106031842212,NS,0,0.5,NS
