target,gene,clade,n_tips,rLR,rp,rK,rpos,bLR,bp,bpos
RSVA,SH,A.D.3.9,5,3.942722167239708,0.04707454394348631,0,R-relaxed,1.001739885404049,0.3030016211079695,NS
