target,gene,clade,n_tips,rLR,rp,rK,rpos,bLR,bp,bpos
RSVA,P,A.D.1.5,14,0.8698192037509216,0.351005365592748,3.586200397364696,NS,0.8872299973891131,0.3208562166900717,NS
