target,gene,clade,n_tips,rLR,rp,rK,rpos,bLR,bp,bpos
RSVA,F,A.D.3.7,8,0.1490295746771153,0.6994644616698942,1.285512526195876,NS,1.041720205017555,0.2970047095886719,NS
