target,gene,clade,n_tips,rLR,rp,rK,rpos,bLR,bp,bpos
RSVA,NS1,A.D.5.2,17,0.4855770807841964,0.4859069293878688,0.7283077127199522,NS,0,0.5,NS
