target,gene,clade,n_tips,rLR,rp,rK,rpos,bLR,bp,bpos
RSVA,M2-2,A.D.3.9,5,0.01025878512928102,0.919323698505943,1.079417830935862,NS,0,0.5,NS
