target,gene,clade,n_tips,rLR,rp,rK,rpos,bLR,bp,bpos
RSVA,P,A.D.1.6,6,2.278987790027713,0.1311374347171421,13.74604898029573,NS,0,0.5,NS
