target,gene,clade,n_tips,rLR,rp,rK,rpos,bLR,bp,bpos
RSVA,M2-1,A.D.1.9,12,0.1835087576400838,0.6683750498137009,0.8726579750510589,NS,0,0.5,NS
