target,gene,clade,n_tips,rLR,rp,rK,rpos,bLR,bp,bpos
RSVB,M,B.D.E.1,155,0.05613174054997216,0.8127177828946242,1.033299080434941,NS,0,0.5,NS
