target,gene,clade,n_tips,rLR,rp,rK,rpos,bLR,bp,bpos
RSVA,M,A.D.3.7,7,0.5816839731642176,0.445653013247546,12.44431777016965,NS,0,0.5,NS
