target,gene,clade,n_tips,rLR,rp,rK,rpos,bLR,bp,bpos
RSVB,M,B.D.E.1.2,5,2.964896234571825,0.0850899171080427,0.3243949629646132,NS,0.3567391242795566,0.4183165891967695,NS
