target,gene,clade,n_tips,rLR,rp,rK,rpos,bLR,bp,bpos
RSVA,NS1,A.D.3,10,0.01162273479735632,0.9141473716147157,1.040808528873868,NS,-0.00317322752630389,0.5,NS
