target,gene,clade,n_tips,rLR,rp,rK,rpos,bLR,bp,bpos
RSVB,F,B.D.4.1.3,13,0.1158813610327343,0.7335451424988104,1.247134629167143,NS,0,0.5,NS
