target,gene,clade,n_tips,rLR,rp,rK,rpos,bLR,bp,bpos
RSVB,NS2,B.D.4.1.1,17,0.02590811392065007,0.8721249239532016,0.9560139528014088,NS,1.450901658363819,0.2420531352453494,NS
