target,gene,clade,n_tips,rLR,rp,rK,rpos,bLR,bp,bpos
RSVA,M2-2,A.D.1.9,10,0.2876156097192961,0.5917525708453446,0.7633881496575112,NS,4.24770642847534,0.05978500543236148,NS
