target,gene,clade,n_tips,rLR,rp,rK,rpos,bLR,bp,bpos
RSVB,P,B.D.4.1,21,1.105999427244569,0.2929532405673329,0.7998143119461889,NS,-0.00166606908896938,0.5,NS
