target,gene,clade,n_tips,rLR,rp,rK,rpos,bLR,bp,bpos
RSVB,M,B.D.E.1,142,0.8512740810128889,0.3561921562112376,1.128613124512921,NS,0,0.5,NS
