target,gene,clade,n_tips,rLR,rp,rK,rpos,bLR,bp,bpos
RSVA,M,A.D.1.10,10,0.5791703815966684,0.4466376887387616,9.67071564526065,NS,0,0.5,NS
