target,gene,clade,n_tips,rLR,rp,rK,rpos,bLR,bp,bpos
RSVA,F,A.D.5.2,56,2.419655547857474,0.119821274866826,2.423079186181246,NS,0.5173212112567853,0.3860425099396843,NS
