target,gene,clade,n_tips,rLR,rp,rK,rpos,bLR,bp,bpos
RSVA,F,A.D.3.12,6,0.4841926526787574,0.4865293298439874,0.3392235363128156,NS,-0.002160642234230181,0.5,NS
