target,gene,clade,n_tips,rLR,rp,rK,rpos,bLR,bp,bpos
RSVA,NS1,A.D.3.2,6,2.537422933365178,0.1111761103280194,18.60164885239649,NS,0,0.5,NS
