target,gene,clade,n_tips,rLR,rp,rK,rpos,bLR,bp,bpos
RSVA,M,A.D.3.7,7,0.5817325597618037,0.4456340130730048,9.485424849324435,NS,0,0.5,NS
