target,gene,clade,n_tips,rLR,rp,rK,rpos,bLR,bp,bpos
RSVA,NS2,A.D.1.6,7,0.6345698953191459,0.4256839844912619,1.487743546808698,NS,3.793128509240887,0.07504169133132127,NS
