target,gene,clade,n_tips,rLR,rp,rK,rpos,bLR,bp,bpos
RSVA,SH,A.D.5.2,8,0.6030381657412818,0.437421170559724,0.6952892609152876,NS,0,0.5,NS
