target,gene,clade,n_tips,rLR,rp,rK,rpos,bLR,bp,bpos
RSVA,F,A.D.3.7,8,0.1347250523413095,0.7135823829465398,1.248856849586278,NS,1.058707364942165,0.2944927591654479,NS
