target,gene,clade,n_tips,rLR,rp,rK,rpos,bLR,bp,bpos
RSVB,N,B.D.4.1.1,19,0.03990925591187988,0.8416581099667088,1.064213634739124,NS,-0.0004220755845381063,0.5,NS
