target,gene,clade,n_tips,rLR,rp,rK,rpos,bLR,bp,bpos
RSVA,N,A.D.1.9,5,0.565120236342409,0.4522045466129092,9.714332319566411,NS,0,0.5,NS
