target,gene,clade,n_tips,rLR,rp,rK,rpos,bLR,bp,bpos
RSVA,M2-2,A.D.1.5,9,0.01817729962294834,0.8927516495747905,1.074910755080476,NS,2.475688272012803,0.1450043819470667,NS
