target,gene,clade,n_tips,rLR,rp,rK,rpos,bLR,bp,bpos
RSVA,G,A.D.5.2,40,0.1459594558109529,0.702426944180089,0.8453876070366466,NS,0,0.5,NS
