target,gene,clade,n_tips,rLR,rp,rK,rpos,bLR,bp,bpos
RSVA,L,A.D.1.10,20,0.9086740384082077,0.3404664803275385,1.206579959674452,NS,0,0.5,NS
