target,gene,clade,n_tips,rLR,rp,rK,rpos,bLR,bp,bpos
RSVA,P,A.D.1.5,14,0.8699263520211389,0.3509756983703908,3.104922198407063,NS,0.7677705178211909,0.3406047927044279,NS
