target,gene,clade,n_tips,rLR,rp,rK,rpos,bLR,bp,bpos
RSVA,G,A.D.5.2,40,0.1365899408683617,0.7116948862285271,0.8409778715281653,NS,0,0.5,NS
