target,gene,clade,n_tips,rLR,rp,rK,rpos,bLR,bp,bpos
RSVA,NS1,A.D.1.5,6,1.099953728279615,0.2942762592939033,0.4947014238960852,NS,0,0.5,NS
