target,gene,clade,n_tips,rLR,rp,rK,rpos,bLR,bp,bpos
RSVA,M2-1,A.D.5.2,24,0.589127151455159,0.4427568424929138,1.181866422778102,NS,0,0.5,NS
