target,gene,clade,n_tips,rLR,rp,rK,rpos,bLR,bp,bpos
RSVA,P,A.D.1.9,12,3.511548614414096,0.06094246580311846,0.1530183507615883,NS,0,0.5,NS
