target,gene,clade,n_tips,rLR,rp,rK,rpos,bLR,bp,bpos
RSVB,SH,B.D.4.1,14,0.09692038735420283,0.7555570653911695,1.338047273153677,NS,0,0.5,NS
