target,gene,clade,n_tips,rLR,rp,rK,rpos,bLR,bp,bpos
RSVA,F,A.D.1.4,5,1.117006211537955,0.2905640085196528,0.1341692621334812,NS,0,0.5,NS
