target,gene,clade,n_tips,rLR,rp,rK,rpos,bLR,bp,bpos
RSVA,G,A.D.1.10,14,2.161541783347275,0.1415026461189386,33.07041332972533,NS,0,0.5,NS
