target,gene,clade,n_tips,rLR,rp,rK,rpos,bLR,bp,bpos
RSVB,F,B.D.E.1.2,10,0.4510664970512153,0.5018289266278443,1.35844960543297,NS,0,0.5,NS
