target,gene,clade,n_tips,rLR,rp,rK,rpos,bLR,bp,bpos
RSVA,M2-1,A.D.3,12,0.5766855552924426,0.4476144179064723,1.238777095467948,NS,0,0.5,NS
