target,gene,clade,n_tips,rLR,rp,rK,rpos,bLR,bp,bpos
RSVA,M2-2,A.D.5.2,16,1.570707780016846,0.2101042567335495,1.543786564551655,NS,0,0.5,NS
