target,gene,clade,n_tips,rLR,rp,rK,rpos,bLR,bp,bpos
RSVA,F,A.D.1.4,5,1.097809115857672,0.2947474150581904,0.1821147590429144,NS,-0.006994969837251119,0.5,NS
