target,gene,clade,n_tips,rLR,rp,rK,rpos,bLR,bp,bpos
RSVB,P,B.D.4.1.1,13,1.003685349460284,0.3164204014172685,0.8193682340612134,NS,0,0.5,NS
