target,gene,clade,n_tips,rLR,rp,rK,rpos,bLR,bp,bpos
RSVA,L,A.D.1.6,13,1.037068542340421,0.3085042328705269,0.8449012704878568,NS,0,0.5,NS
