target,gene,clade,n_tips,rLR,rp,rK,rpos,bLR,bp,bpos
RSVB,G,B.D.4.1,38,6.156652837440561,0.01309187178929849,1.264375080147514,R-intensified,3.321902289797436,0.09497910815916544,NS
