target,gene,clade,n_tips,rLR,rp,rK,rpos,bLR,bp,bpos
RSVA,M,A.D.5.2,24,0.2759561844850396,0.5993640098293325,1.253155268687462,NS,1.105411751744214,0.2876953830142782,NS
