target,gene,clade,n_tips,rLR,rp,rK,rpos,bLR,bp,bpos
RSVB,M2-2,B.D.E.1,49,0.1542111766650578,0.6945430583013105,0.7366351400657526,NS,0.0251156405618076,0.4937603500590949,NS
