target,gene,clade,n_tips,rLR,rp,rK,rpos,bLR,bp,bpos
RSVA,L,A.D.1.10,20,0.9068760422087507,0.3409446576447962,1.266472319163298,NS,0,0.5,NS
