target,gene,clade,n_tips,rLR,rp,rK,rpos,bLR,bp,bpos
RSVA,F,A.D.1.9,24,1.050512040006652,0.305389188987778,2.467995216166869,NS,0.0505300212334987,0.4875257393955079,NS
