target,gene,clade,n_tips,rLR,rp,rK,rpos,bLR,bp,bpos
RSVA,M2-1,A.D.3.3,12,0.1015252749557476,0.7500068658696456,0.8694792808959423,NS,0.5920274747963958,0.3718886051864856,NS
