target,gene,clade,n_tips,rLR,rp,rK,rpos,bLR,bp,bpos
RSVA,G,A.D.3.4,10,0.1666708357606694,0.683087650046987,1.666524285408306,NS,1.842369982718083,0.1990235395618805,NS
