target,gene,clade,n_tips,rLR,rp,rK,rpos,bLR,bp,bpos
RSVA,G,A.D.1.5,30,0.619444641726659,0.4312537354745376,2.608253417943132,NS,0,0.5,NS
