target,gene,clade,n_tips,rLR,rp,rK,rpos,bLR,bp,bpos
RSVA,P,A.D.3,14,2.949624634338761,0.08589750725698642,7.138238241077673,NS,2.132443894099197,0.1721534364046431,NS
