target,gene,clade,n_tips,rLR,rp,rK,rpos,bLR,bp,bpos
RSVA,NS2,A.D.3.9,5,0.2818472209505671,0.5954930309934592,0.06536524101973422,NS,0.1224254326193659,0.4703115663045389,NS
