target,gene,clade,n_tips,rLR,rp,rK,rpos,bLR,bp,bpos
RSVB,P,B.D.E.1.8,5,1.334026237504986,0.2480902071491983,38.8129477746021,NS,0,0.5,NS
