target,gene,clade,n_tips,rLR,rp,rK,rpos,bLR,bp,bpos
RSVA,F,A.D.1.5,26,0.5720482265296596,0.4494461518295357,0.494788515614913,NS,0,0.5,NS
