target,gene,clade,n_tips,rLR,rp,rK,rpos,bLR,bp,bpos
RSVA,NS2,A.D.5.2,19,4.414903619187953,0.03562629122006178,1.827694459127402,R-intensified,12.77535276906065,0.000841080178835274,B-diversifying
