target,gene,clade,n_tips,rLR,rp,rK,rpos,bLR,bp,bpos
RSVA,F,A.D.3.4,9,0.3794299812761892,0.5379084587093459,3.157678793914987,NS,0,0.5,NS
