target,gene,clade,n_tips,rLR,rp,rK,rpos,bLR,bp,bpos
RSVA,G,A.D.3.7,15,0.3015039546535263,0.5829411089725939,1.967618977971015,NS,0,0.5,NS
