target,gene,clade,n_tips,rLR,rp,rK,rpos,bLR,bp,bpos
RSVB,NS1,B.D.E.1,74,1.296493266933794,0.2548547636613886,2.423275948147201,NS,0.5714764504327832,0.375729651642731,NS
