target,gene,clade,n_tips,rLR,rp,rK,rpos,bLR,bp,bpos
RSVA,F,A.D.1.10,12,3.601587124452635,0.05772443711025177,0.193597099150242,NS,0.3068588163150707,0.4288806565028821,NS
