target,gene,clade,n_tips,rLR,rp,rK,rpos,bLR,bp,bpos
RSVA,G,A.D.1.6,13,2.073421729624897,0.1498849128789249,2.97486680725629e-15,NS,0.01574917254583852,0.4960781685292199,NS
