target,gene,clade,n_tips,rLR,rp,rK,rpos,bLR,bp,bpos
RSVA,SH,A.D.3.9,5,3.937125759729952,0.0472314111269897,0,R-relaxed,0.9701847961189287,0.3078201550731278,NS
