target,gene,clade,n_tips,rLR,rp,rK,rpos,bLR,bp,bpos
RSVB,N,B.D.4.1,28,0.3171414568923865,0.5733306101035294,0.8667959640624844,NS,0.1225038385146036,0.4702931290662389,NS
