target,gene,clade,n_tips,rLR,rp,rK,rpos,bLR,bp,bpos
RSVB,M2-1,B.D.E.1,94,0.02808211419414874,0.866915918137634,1.034835603934148,NS,0,0.5,NS
