target,gene,clade,n_tips,rLR,rp,rK,rpos,bLR,bp,bpos
RSVA,M2-1,A.D.3,12,0.563276494206093,0.4529430975126104,1.250694379579587,NS,0,0.5,NS
