target,gene,clade,n_tips,rLR,rp,rK,rpos,bLR,bp,bpos
RSVB,N,B.D.E.1.2,12,2.414562717043736,0.120211533824786,13.03773929228046,NS,0,0.5,NS
