target,gene,clade,n_tips,rLR,rp,rK,rpos,bLR,bp,bpos
RSVA,F,A.D.1.9,24,0.8082678172631859,0.3686328671310147,1.806593945834146,NS,3.689874817464442,0.07901760608030733,NS
