target,gene,clade,n_tips,rLR,rp,rK,rpos,bLR,bp,bpos
RSVB,M2-1,B.D.4.1.1,15,1.04891290111118,0.3057575884371814,0.7867566284496658,NS,0,0.5,NS
