target,gene,clade,n_tips,rLR,rp,rK,rpos,bLR,bp,bpos
RSVB,NS2,B.D.E.1.2,9,0.6229120403922934,0.4299672076579784,0.2547612344834797,NS,0.009051133472439687,0.4977423291051563,NS
