target,gene,clade,n_tips,rLR,rp,rK,rpos,bLR,bp,bpos
RSVA,M,A.D.1.9,9,1.180240000499907,0.2773071417042893,10.94061416457111,NS,0,0.5,NS
