target,gene,clade,n_tips,rLR,rp,rK,rpos,bLR,bp,bpos
RSVA,SH,A.D.3,9,1.590376376508402,0.2072723684272951,0.5356209539478354,NS,0,0.5,NS
