target,gene,clade,n_tips,rLR,rp,rK,rpos,bLR,bp,bpos
RSVA,G,A.D.2.1,5,1.643667306854695,0.1998230408210954,0,NS,0.5554770688686403,0.378747427215912,NS
