target,gene,clade,n_tips,rLR,rp,rK,rpos,bLR,bp,bpos
RSVA,G,A.D.3.12,6,3.064920607183012,0.07999907032191378,0.001353927474942316,NS,9.934621630236506e-05,0.4999751640627673,NS
