target,gene,clade,n_tips,rLR,rp,rK,rpos,bLR,bp,bpos
RSVA,NS2,A.D.1.9,12,0.06783220871147932,0.7945196310465503,1.225988874996211,NS,1.605659366209693,0.2240296513635492,NS
