target,gene,clade,n_tips,rLR,rp,rK,rpos,bLR,bp,bpos
RSVA,SH,A.D.5.2,8,0.6018354643342718,0.4378785690460295,0.6898458979331984,NS,0,0.5,NS
