target,gene,clade,n_tips,rLR,rp,rK,rpos,bLR,bp,bpos
RSVA,G,A.D.3.2,12,1.391803771424748,0.2381007219618551,0.1468039799549202,NS,0,0.5,NS
