target,gene,clade,n_tips,rLR,rp,rK,rpos,bLR,bp,bpos
RSVA,L,A.D.3.9,32,1.738985886222508,0.1872673730346925,0.741623611876114,NS,0.02132177523162682,0.494697869120036,NS
