target,gene,clade,n_tips,rLR,rp,rK,rpos,bLR,bp,bpos
RSVA,F,A.D.3,32,0.5954803500062553,0.4403076919102669,1.303487213871655,NS,0,0.5,NS
