target,gene,clade,n_tips,rLR,rp,rK,rpos,bLR,bp,bpos
RSVB,NS1,B.D.4.1,16,0.2164467685788622,0.6417607426488131,0.3260912453037061,NS,0,0.5,NS
