target,gene,clade,n_tips,rLR,rp,rK,rpos,bLR,bp,bpos
RSVA,P,A.D.3.9,8,2.565825995958221,0.1091955100424707,0,NS,0.603948936107372,0.3696784709283738,NS
