target,gene,clade,n_tips,rLR,rp,rK,rpos,bLR,bp,bpos
RSVB,G,B.D.4.1,5,1.520032788310345,0.2176145315293434,0,NS,-0.002283878489834024,0.5,NS
