target,gene,clade,n_tips,rLR,rp,rK,rpos,bLR,bp,bpos
RSVB,G,B.D.E.1,195,8.586268848759573,0.003387072946218206,0.7561911327599836,R-relaxed,31.98956525109861,5.656192358927115e-08,B-diversifying
