target,gene,clade,n_tips,rLR,rp,rK,rpos,bLR,bp,bpos
RSVA,F,A.D.1.5,26,0.5999171328567172,0.438609645441713,0.5234238905212607,NS,0,0.5,NS
