target,gene,clade,n_tips,rLR,rp,rK,rpos,bLR,bp,bpos
RSVA,P,A.D.3.3,15,0.8789815817408453,0.3484807677658157,0.2117286430200191,NS,0,0.5,NS
