target,gene,clade,n_tips,rLR,rp,rK,rpos,bLR,bp,bpos
RSVB,P,B.D.E.1,136,0.6267046272459993,0.4285666610633674,0.8792826084570877,NS,0,0.5,NS
