target,gene,clade,n_tips,rLR,rp,rK,rpos,bLR,bp,bpos
RSVB,F,B.D.E.1.8,5,1.11652474379116,0.2906679990368531,8.512550895538195e-07,NS,0,0.5,NS
