target,gene,clade,n_tips,rLR,rp,rK,rpos,bLR,bp,bpos
RSVA,M,A.D.1.6,7,0.8719318088124055,0.3504210569949724,9.329972231110037,NS,0,0.5,NS
