target,gene,clade,n_tips,rLR,rp,rK,rpos,bLR,bp,bpos
RSVB,M2-1,B.D.E.1.2,7,1.160017670832531,0.2814618757463786,13.53231338896634,NS,0,0.5,NS
