target,gene,clade,n_tips,rLR,rp,rK,rpos,bLR,bp,bpos
RSVA,M2-2,A.D.1.5,9,0.01816260741202314,0.8927947394033237,1.074155254024932,NS,2.484844472945952,0.1443420545757342,NS
