target,gene,clade,n_tips,rLR,rp,rK,rpos,bLR,bp,bpos
RSVA,M2-2,A.D.3.3,8,2.474361081187453,0.115716457082676,0.2060528584314868,NS,0,0.5,NS
