target,gene,clade,n_tips,rLR,rp,rK,rpos,bLR,bp,bpos
RSVA,G,A.D.3.1,12,1.102073246758664,0.293811563202079,0.1058441471218061,NS,0,0.5,NS
