target,gene,clade,n_tips,rLR,rp,rK,rpos,bLR,bp,bpos
RSVA,M,A.D.1.9,9,1.180379599706612,0.2772787302153894,14.28337430141488,NS,0,0.5,NS
