target,gene,clade,n_tips,rLR,rp,rK,rpos,bLR,bp,bpos
RSVA,F,A.D.1.10,12,3.571076285556046,0.05879419252656792,0.2609926583847129,NS,0.3276829037968128,0.4244382994884272,NS
