target,gene,clade,n_tips,rLR,rp,rK,rpos,bLR,bp,bpos
RSVA,G,A.D.3.2,12,1.382646984046005,0.2396507838466728,0.1363265741193148,NS,-0.002459535138768842,0.5,NS
