target,gene,clade,n_tips,rLR,rp,rK,rpos,bLR,bp,bpos
RSVA,F,A.D.3.4,9,0.4867726732682058,0.485370483936125,0.2704983779815198,NS,0,0.5,NS
