target,gene,clade,n_tips,rLR,rp,rK,rpos,bLR,bp,bpos
RSVA,NS2,A.D.1.6,7,0.6318170537565493,0.4266895890889312,2.244260150874664,NS,3.862270976342188,0.07249173895677663,NS
