target,gene,clade,n_tips,rLR,rp,rK,rpos,bLR,bp,bpos
RSVA,F,A.D.2.1,6,0.01420454367325874,0.9051305203141204,1.111100151341776,NS,0,0.5,NS
