target,gene,clade,n_tips,rLR,rp,rK,rpos,bLR,bp,bpos
RSVA,F,A.D.1.6,8,0.5659642538103071,0.451867086007251,0.2550639147015688,NS,0,0.5,NS
