target,gene,clade,n_tips,rLR,rp,rK,rpos,bLR,bp,bpos
RSVA,G,A.D.3.1,12,1.098382497661078,0.2946213527111416,0.1343499824789531,NS,-0.006619062189201941,0.5,NS
