target,gene,clade,n_tips,rLR,rp,rK,rpos,bLR,bp,bpos
RSVB,M,B.D.4.1.1,15,0.2464615536173369,0.6195777009598815,0.9264621259568626,NS,0,0.5,NS
