target,gene,clade,n_tips,rLR,rp,rK,rpos,bLR,bp,bpos
RSVA,M,A.D.3.3,12,1.811918973496176,0.1782782023918551,9.704494295147027,NS,0,0.5,NS
