target,gene,clade,n_tips,rLR,rp,rK,rpos,bLR,bp,bpos
RSVA,NS2,A.D.1.5,10,6.968980479595302,0.008293473563193321,0.1231794085945768,R-relaxed,0.3698258786689621,0.4155883217426063,NS
