target,gene,clade,n_tips,rLR,rp,rK,rpos,bLR,bp,bpos
RSVA,M,A.D.3.9,6,0.5857445295732759,0.4440694168204674,14.95506154490743,NS,0,0.5,NS
