target,gene,clade,n_tips,rLR,rp,rK,rpos,bLR,bp,bpos
RSVA,M2-1,A.D.3.1,6,0.5415782786258205,0.4617793717345754,15.87954067980749,NS,0,0.5,NS
