target,gene,clade,n_tips,rLR,rp,rK,rpos,bLR,bp,bpos
RSVA,L,A.D.3.4,12,5.944564176177664,0.01476274099033903,0.6110647046396146,R-relaxed,0,0.5,NS
