target,gene,clade,n_tips,rLR,rp,rK,rpos,bLR,bp,bpos
RSVA,L,A.D.3.2,15,0.6775269565259805,0.4104396107004221,1.106641752474197,NS,0,0.5,NS
