target,gene,clade,n_tips,rLR,rp,rK,rpos,bLR,bp,bpos
RSVA,NS1,A.D.5.2,17,0.4880566653214373,0.4847954645516676,0.7365827044192557,NS,0,0.5,NS
