target,gene,clade,n_tips,rLR,rp,rK,rpos,bLR,bp,bpos
RSVA,N,A.D.1.9,5,0.5688234616127374,0.4507268205391731,10.64241191099793,NS,0,0.5,NS
