target,gene,clade,n_tips,rLR,rp,rK,rpos,bLR,bp,bpos
RSVB,SH,B.D.E.1,40,2.223949981821079,0.1358850110069358,0.1841408527537635,NS,0,0.5,NS
