target,gene,clade,n_tips,rLR,rp,rK,rpos,bLR,bp,bpos
RSVA,M2-2,A.D.3.9,5,0.01060300217432086,0.9179860822949881,1.07980407913759,NS,0,0.5,NS
