target,gene,clade,n_tips,rLR,rp,rK,rpos,bLR,bp,bpos
RSVA,G,A.D.1.9,21,12.90739629955897,0.0003272862514824837,6.369176615568542,R-intensified,5.419621482787988,0.0332747002867364,B-diversifying
