target,gene,clade,n_tips,rLR,rp,rK,rpos,bLR,bp,bpos
RSVA,M2-1,A.D.3.1,6,0.5412774461792651,0.461903793076334,14.93516310348962,NS,0,0.5,NS
