target,gene,clade,n_tips,rLR,rp,rK,rpos,bLR,bp,bpos
RSVA,L,A.D.5.2,53,0.114201589145523,0.735410471072259,0.9719459772181438,NS,0,0.5,NS
