target,gene,clade,n_tips,rLR,rp,rK,rpos,bLR,bp,bpos
RSVB,M,B.D.4.1,18,0.2474985107974135,0.6188419866245165,0.9262417355049938,NS,0,0.5,NS
