target,gene,clade,n_tips,rLR,rp,rK,rpos,bLR,bp,bpos
RSVB,N,B.D.E.1,163,0.4645037838663484,0.4955266116176289,0.8433871975224287,NS,0,0.5,NS
