target,gene,clade,n_tips,rLR,rp,rK,rpos,bLR,bp,bpos
RSVA,NS1,A.D.3.3,7,1.686782203476241,0.1940256893215359,0.4871429625796414,NS,3.699395374799224,0.07864235411617937,NS
