target,gene,clade,n_tips,rLR,rp,rK,rpos,bLR,bp,bpos
RSVB,G,B.D.4.1.1,21,3.802034879996427,0.0511903358396697,1.229727968489464,NS,1.609392642012608,0.2236118591798883,NS
