target,gene,clade,n_tips,rLR,rp,rK,rpos,bLR,bp,bpos
RSVA,M,A.D.3,18,0.3709217565319705,0.5425022601449992,0.8674580099190572,NS,0,0.5,NS
