target,gene,clade,n_tips,rLR,rp,rK,rpos,bLR,bp,bpos
RSVA,F,A.D.3.2,10,0.004382704064482823,0.947217008951078,0.9599992185475575,NS,1.784849321165893,0.2048306290240197,NS
