target,gene,clade,n_tips,rLR,rp,rK,rpos,bLR,bp,bpos
RSVA,NS1,A.D.3.7,5,4.411928037240386,0.03568848308083128,1.907376144426499e-14,R-relaxed,1.127109755577521,0.284591045184334,NS
