target,gene,clade,n_tips,rLR,rp,rK,rpos,bLR,bp,bpos
RSVA,M2-1,A.D.3.2,5,2.564337065120981,0.109298366994079,0.1188933223993017,NS,0,0.5,NS
