target,gene,clade,n_tips,rLR,rp,rK,rpos,bLR,bp,bpos
RSVA,SH,A.D.1.9,5,0.2077474723400883,0.6485386698716549,0.7867162569678611,NS,0,0.5,NS
