target,gene,clade,n_tips,rLR,rp,rK,rpos,bLR,bp,bpos
RSVB,N,B.D.4.1.3,5,3.953855399304302,0.04676411099530897,0,R-relaxed,0.6521468589417054,0.3608760937950903,NS
