target,gene,clade,n_tips,rLR,rp,rK,rpos,bLR,bp,bpos
RSVA,M2-2,A.D.5.2,16,1.570907758234853,0.21007523424376,1.550174878134952,NS,0,0.5,NS
