target,gene,clade,n_tips,rLR,rp,rK,rpos,bLR,bp,bpos
RSVB,F,B.D.4.1.1,27,0.5773261710164661,0.4473622891738188,0.5005505025666189,NS,0,0.5,NS
