target,gene,clade,n_tips,rLR,rp,rK,rpos,bLR,bp,bpos
RSVA,L,A.D.1.5,28,0.004897713435639162,0.9442066608111073,1.00623084968388,NS,0,0.5,NS
