target,gene,clade,n_tips,rLR,rp,rK,rpos,bLR,bp,bpos
RSVA,L,A.D.3.3,42,3.715603318698413,0.05390614011709671,0.8191169083317738,NS,0,0.5,NS
