target,gene,clade,n_tips,rLR,rp,rK,rpos,bLR,bp,bpos
RSVA,G,A.D.3.9,19,1.115273220973904,0.2909385331581413,2.730395264566142,NS,0,0.5,NS
