target,gene,clade,n_tips,rLR,rp,rK,rpos,bLR,bp,bpos
RSVA,L,A.D.3.9,32,1.755824681196827,0.1851461612677922,0.7714023035719828,NS,1.999415176891489,0.1839935145334876,NS
