target,gene,clade,n_tips,rLR,rp,rK,rpos,bLR,bp,bpos
RSVB,M2-2,B.D.E.1,54,0.04432672841380736,0.8332469088382972,1.114503346503922,NS,0.05745473604656581,0.4858406698805766,NS
