target,gene,clade,n_tips,rLR,rp,rK,rpos,bLR,bp,bpos
RSVB,G,B.D.E.1.2,10,0.08404036413412541,0.7718949133905105,1.067433079201557,NS,0.2264134276047116,0.4464830263112692,NS
