target,gene,clade,n_tips,rLR,rp,rK,rpos,bLR,bp,bpos
RSVA,L,A.D.1.6,13,1.037384667964943,0.3084305100318699,0.8311525934208376,NS,0,0.5,NS
