target,gene,clade,n_tips,rLR,rp,rK,rpos,bLR,bp,bpos
RSVB,G,B.D.4.1.3,12,6.794175510205605,0.009145575013543294,2.014768343806797,R-intensified,4.548270123183102,0.05144292994911498,NS
