target,gene,clade,n_tips,rLR,rp,rK,rpos,bLR,bp,bpos
RSVA,NS2,A.D.5.2,19,4.422311535698555,0.03547195232638123,1.843032790026788,R-intensified,10.38721023814151,0.00277597761653281,B-diversifying
