target,gene,clade,n_tips,rLR,rp,rK,rpos,bLR,bp,bpos
RSVA,M2-1,A.D.3.9,12,0.1753966586425122,0.6753594962896153,1.21153195178057,NS,0,0.5,NS
