target,gene,clade,n_tips,rLR,rp,rK,rpos,bLR,bp,bpos
RSVA,F,A.D.3.9,13,2.938484421812973,0.08649185201451925,0.3561330293782895,NS,0,0.5,NS
