target,gene,clade,n_tips,rLR,rp,rK,rpos,bLR,bp,bpos
RSVA,M2-1,A.D.5.2,24,0.58647934168539,0.4437837738559326,1.192596714074436,NS,0,0.5,NS
