target,gene,clade,n_tips,rLR,rp,rK,rpos,bLR,bp,bpos
RSVA,G,A.D.3.12,6,3.068947490308346,0.0798011224897116,2.395995474825243e-05,NS,-0.003887707360263448,0.5,NS
