target,gene,clade,n_tips,rLR,rp,rK,rpos,bLR,bp,bpos
RSVA,L,A.D.1.9,32,4.092160795604286,0.04308253115832295,0.7836140182943614,R-relaxed,-0.004874322272371501,0.5,NS
