target,gene,clade,n_tips,rLR,rp,rK,rpos,bLR,bp,bpos
RSVA,M2-2,A.D.3,10,0.01012128836373449,0.9198643338349879,0.9573765310169171,NS,0,0.5,NS
