target,gene,clade,n_tips,rLR,rp,rK,rpos,bLR,bp,bpos
RSVA,P,A.D.3.3,15,0.8760967415973937,0.3492729837989321,0.21816747191684,NS,0,0.5,NS
