target,gene,clade,n_tips,rLR,rp,rK,rpos,bLR,bp,bpos
RSVA,F,A.D.3.12,6,0.4372319959766173,0.508461487623215,0.3265267779683788,NS,0,0.5,NS
