target,gene,clade,n_tips,rLR,rp,rK,rpos,bLR,bp,bpos
RSVA,G,A.D.3.4,10,0.1654371672811976,0.6841991937230552,1.654635116316389,NS,1.842502831234015,0.19901032001,NS
