target,gene,clade,n_tips,rLR,rp,rK,rpos,bLR,bp,bpos
RSVB,P,B.D.4.1.3,5,0.307536375284144,0.5791959133046687,0.6694640471680737,NS,1.321403380206903,0.2582443961056161,NS
