target,gene,clade,n_tips,rLR,rp,rK,rpos,bLR,bp,bpos
RSVA,L,A.D.1.4,6,2.643563423043815,0.1039701049422959,0,NS,0.5819893309017061,0.3737598328373636,NS
