target,gene,clade,n_tips,rLR,rp,rK,rpos,bLR,bp,bpos
RSVA,F,A.D.2.1,6,0.03095311870674777,0.8603450205093588,0.564787947811959,NS,0,0.5,NS
