target,gene,clade,n_tips,rLR,rp,rK,rpos,bLR,bp,bpos
RSVA,M2-1,A.D.3.4,5,0.009954420617759752,0.9205254626725914,0.9582114775664792,NS,0.04218797129351515,0.4895634681827026,NS
