target,gene,clade,n_tips,rLR,rp,rK,rpos,bLR,bp,bpos
RSVA,NS2,A.D.1.5,10,6.958201848501631,0.00834358457153972,0.1221363612090381,R-relaxed,0.367164220081122,0.4161417670443528,NS
