target,gene,clade,n_tips,rLR,rp,rK,rpos,bLR,bp,bpos
RSVA,M,A.D.3,18,0.3687272565857711,0.5436988409817565,0.8739207717907985,NS,0,0.5,NS
