target,gene,clade,n_tips,rLR,rp,rK,rpos,bLR,bp,bpos
RSVB,NS1,B.D.4.1.1,13,0.1006580843136362,0.7510413318963749,0.4103720618132637,NS,0,0.5,NS
