target,gene,clade,n_tips,rLR,rp,rK,rpos,bLR,bp,bpos
RSVA,NS2,A.D.3,13,9.113306348539027,0.002537567911522709,4.600057811059039e-12,R-relaxed,0.04574664389383543,0.488693144661227,NS
