target,gene,clade,n_tips,rLR,rp,rK,rpos,bLR,bp,bpos
RSVA,M,A.D.1.6,7,0.8717609620016447,0.3504682608991484,18.24472276833711,NS,0,0.5,NS
