target,gene,clade,n_tips,rLR,rp,rK,rpos,bLR,bp,bpos
RSVA,M2-2,A.D.3,10,0.01173241360788779,0.9137448196659187,0.9599008194676444,NS,0,0.5,NS
