target,gene,clade,n_tips,rLR,rp,rK,rpos,bLR,bp,bpos
RSVA,M2-1,A.D.3.2,5,2.566758776201823,0.1091311267718329,0.1180251633364889,NS,0,0.5,NS
