target,gene,clade,n_tips,rLR,rp,rK,rpos,bLR,bp,bpos
RSVA,G,A.D.1.5,30,0.472854769344849,0.491676764550376,1.613274704218361,NS,0,0.5,NS
