target,gene,clade,n_tips,rLR,rp,rK,rpos,bLR,bp,bpos
RSVA,P,A.D.5.2,29,1.330327750412835,0.2487469190841644,3.761905159667247,NS,0.7031751689655721,0.3517851127068281,NS
