target,gene,clade,n_tips,rLR,rp,rK,rpos,bLR,bp,bpos
RSVA,F,A.D.1.6,8,0.569741158908073,0.4503617913089673,0.285870927621547,NS,-0.004827423106689821,0.5,NS
