target,gene,clade,n_tips,rLR,rp,rK,rpos,bLR,bp,bpos
RSVA,NS2,A.D.1.9,12,0.0670906053978797,0.7956209337056037,1.230599860629824,NS,1.576025396159821,0.2273738093406685,NS
