target,gene,clade,n_tips,rLR,rp,rK,rpos,bLR,bp,bpos
RSVA,M2-1,A.D.3.9,12,0.1772993842250798,0.6737044535123766,1.220636805556006,NS,0,0.5,NS
