target,gene,clade,n_tips,rLR,rp,rK,rpos,bLR,bp,bpos
RSVA,G,A.D.3.7,15,0.379676351461967,0.5377764985011892,3.642015903837394,NS,0,0.5,NS
