target,gene,clade,n_tips,rLR,rp,rK,rpos,bLR,bp,bpos
RSVA,NS1,A.D.3.3,7,1.693903701677755,0.1930871738109727,0.4519734982749165,NS,3.702925441088837,0.07850367018140769,NS
