target,gene,clade,n_tips,rLR,rp,rK,rpos,bLR,bp,bpos
RSVA,G,A.D.2.1,5,1.644975683442681,0.1996441493593013,0,NS,0.5576871355151525,0.3783291298465435,NS
