target,gene,clade,n_tips,rLR,rp,rK,rpos,bLR,bp,bpos
RSVA,G,A.D.3.9,19,1.123740958584676,0.2891143525347393,2.788898337432622,NS,-0.001106103394704405,0.5,NS
