target,gene,clade,n_tips,rLR,rp,rK,rpos,bLR,bp,bpos
RSVA,P,A.D.3.1,5,0.4169378934602719,0.5184689440333663,0.2902920816719887,NS,0,0.5,NS
