target,gene,clade,n_tips,rLR,rp,rK,rpos,bLR,bp,bpos
RSVA,M2-1,A.D.1.5,12,3.469571751857529,0.0625074914692837,0.5369957053613182,NS,0,0.5,NS
