target,gene,clade,n_tips,rLR,rp,rK,rpos,bLR,bp,bpos
RSVA,NS1,A.D.3.7,5,4.395740258211163,0.03602881550587,0,R-relaxed,1.133142363227762,0.2837339254426946,NS
