target,gene,clade,n_tips,rLR,rp,rK,rpos,bLR,bp,bpos
RSVA,M2-1,A.D.1.5,12,3.465127963297618,0.06267565790844576,0.5350153548576274,NS,0,0.5,NS
