target,gene,clade,n_tips,rLR,rp,rK,rpos,bLR,bp,bpos
RSVA,F,A.D.3.9,13,2.909982656017746,0.08803282150000702,0.291146086722082,NS,0,0.5,NS
