target,gene,clade,n_tips,rLR,rp,rK,rpos,bLR,bp,bpos
RSVB,N,B.D.E.1,190,0.02743637309140468,0.8684408285206432,0.9567777450885044,NS,0,0.5,NS
