target,gene,clade,n_tips,rLR,rp,rK,rpos,bLR,bp,bpos
RSVA,SH,A.D.3,9,1.59152472256892,0.2071084287754782,0.5514624190938113,NS,0,0.5,NS
