target,gene,clade,n_tips,rLR,rp,rK,rpos,bLR,bp,bpos
RSVA,P,A.D.3.1,5,0.009067643633898115,0.9241367678274376,1.045918484469343,NS,0,0.5,NS
