target,gene,clade,n_tips,rLR,rp,rK,rpos,bLR,bp,bpos
RSVA,L,A.D.3.1,15,0.00670389155857265,0.9347442891834714,0.9858032637733477,NS,0.8597177208575886,0.3253004568796748,NS
