target,gene,clade,n_tips,rLR,rp,rK,rpos,bLR,bp,bpos
RSVA,P,A.D.1.6,6,2.642114089263487,0.104064981304313,5.642988342982518e-08,NS,0,0.5,NS
