target,gene,clade,n_tips,rLR,rp,rK,rpos,bLR,bp,bpos
RSVB,NS2,B.D.E.1,145,1.223935535156215,0.2685896822463487,1.353050464174002,NS,44.36998918119934,1.159175533338441e-10,B-diversifying
