target,gene,clade,n_tips,rLR,rp,rK,rpos,bLR,bp,bpos
RSVB,NS1,B.D.E.1,80,0.7224271428094653,0.3953489146209206,3.44250077798063,NS,0.4622006946356123,0.3968299101971222,NS
