target,gene,clade,n_tips,rLR,rp,rK,rpos,bLR,bp,bpos
RSVB,SH,B.D.E.1,36,2.936873944836861,0.08657814062938518,0.1584249664619247,NS,0,0.5,NS
