target,gene,clade,n_tips,rLR,rp,rK,rpos,bLR,bp,bpos
RSVB,SH,B.D.4.1.1,9,5.130679824105755e-05,0.9942849003850754,0.9839707380805691,NS,0,0.5,NS
