target,gene,clade,n_tips,rLR,rp,rK,rpos,bLR,bp,bpos
RSVA,M,A.D.5.2,24,0.3451049065388361,0.5568972904470006,1.238084766068855,NS,1.072469360190553,0.2924733110659811,NS
