target,gene,clade,n_tips,rLR,rp,rK,rpos,bLR,bp,bpos
RSVB,G,B.D.E.1,173,11.06998810543337,0.0008773624509638145,0.7471884914967952,R-relaxed,26.62604310036841,8.264150310743901e-07,B-diversifying
