target,gene,clade,n_tips,rLR,rp,rK,rpos,bLR,bp,bpos
RSVA,G,A.D.1.6,13,2.054529309789359,0.151754144459767,0,NS,0.01452283891012485,0.4963824404764388,NS
