target,gene,clade,n_tips,rLR,rp,rK,rpos,bLR,bp,bpos
RSVA,M2-2,A.D.1.9,10,0.2885026816522895,0.5911816485827727,0.7667816551791079,NS,4.24547644146287,0.05985170250167848,NS
