target,gene,clade,n_tips,rLR,rp,rK,rpos,bLR,bp,bpos
RSVA,G,A.D.3.3,39,0.0001158119739557151,0.9914136534917624,0.9798369221124846,NS,0,0.5,NS
