target,gene,clade,n_tips,rLR,rp,rK,rpos,bLR,bp,bpos
RSVA,F,A.D.3.1,14,1.349908119676911,0.2452941801503153,0.4421323075356242,NS,4.665271494968692,0.04851981887100398,B-diversifying
