target,gene,clade,n_tips,rLR,rp,rK,rpos,bLR,bp,bpos
RSVA,NS2,A.D.3.2,8,2.413533181881576,0.1202905970384579,9.945352442305589e-07,NS,0,0.5,NS
