target,gene,clade,n_tips,rLR,rp,rK,rpos,bLR,bp,bpos
RSVA,SH,A.D.1.9,5,0.207330113263879,0.6488681307653263,0.7828242287819224,NS,0,0.5,NS
