target,gene,clade,n_tips,rLR,rp,rK,rpos,bLR,bp,bpos
RSVA,L,A.D.1.4,6,2.624020838477009,0.105257418699126,5.230449234149262e-06,NS,0.5780092034838162,0.3745043793183497,NS
