target,gene,clade,n_tips,rLR,rp,rK,rpos,bLR,bp,bpos
RSVA,P,A.D.3.9,8,2.568580220025069,0.1090055255186961,0,NS,0.6115204592397276,0.3682816021555734,NS
