target,gene,clade,n_tips,rLR,rp,rK,rpos,bLR,bp,bpos
RSVA,P,A.D.3.2,5,1.55577667191119,0.2122846697581307,0.289950559391315,NS,0,0.5,NS
