target,gene,clade,n_tips,rLR,rp,rK,rpos,bLR,bp,bpos
RSVB,M2-2,B.D.4.1.1,7,0.5892084797383177,0.4427253580511331,0.1020469696187787,NS,0,0.5,NS
