target,gene,clade,n_tips,rLR,rp,rK,rpos,bLR,bp,bpos
RSVA,F,A.D.3,32,0.6939538324240857,0.4048227828890596,1.401700763079684,NS,0,0.5,NS
