target,gene,clade,n_tips,rLR,rp,rK,rpos,bLR,bp,bpos
RSVB,P,B.D.E.1,152,0.005074085727756028,0.9432126227167886,0.9773145801437555,NS,0,0.5,NS
