target,gene,clade,n_tips,rLR,rp,rK,rpos,bLR,bp,bpos
RSVA,G,A.D.3,35,0.4064629085823981,0.523770274938641,0.7411754396135966,NS,0,0.5,NS
