target,gene,clade,n_tips,rLR,rp,rK,rpos,bLR,bp,bpos
RSVA,M2-1,A.D.3.4,5,0.01023276692194486,0.919425719664989,0.9603287551284578,NS,0.04470618104687674,0.488947444333137,NS
