target,gene,clade,n_tips,rLR,rp,rK,rpos,bLR,bp,bpos
RSVA,M,A.D.1.5,18,0.2819480631678744,0.5954272207590963,0.8652716686916513,NS,0,0.5,NS
