target,gene,clade,n_tips,rLR,rp,rK,rpos,bLR,bp,bpos
RSVA,L,A.D.1.9,32,4.077053050408722,0.04346941018166184,0.7791635623658583,R-relaxed,-0.00857308797276346,0.5,NS
