target,gene,clade,n_tips,rLR,rp,rK,rpos,bLR,bp,bpos
RSVA,NS1,A.D.3,10,0.008953085329949317,0.924616071870876,1.040125928141646,NS,-0.00177112628125542,0.5,NS
