target,gene,clade,n_tips,rLR,rp,rK,rpos,bLR,bp,bpos
RSVA,P,A.D.1.9,12,3.504140889972405,0.0612155875886724,0.1510140480544306,NS,0,0.5,NS
