target,gene,clade,n_tips,rLR,rp,rK,rpos,bLR,bp,bpos
RSVA,NS2,A.D.3.9,5,0.2214668523206456,0.6379245163243529,2.072044729856058,NS,0.1279910007115177,0.4690046101128988,NS
