target,gene,clade,n_tips,rLR,rp,rK,rpos,bLR,bp,bpos
RSVA,L,A.D.3.2,15,0.6814840913430089,0.4090761506847383,1.103027865459901,NS,0,0.5,NS
