target,gene,clade,n_tips,rLR,rp,rK,rpos,bLR,bp,bpos
RSVA,NS1,A.D.1.5,6,1.109572514908677,0.2921748932321013,0.4322079619380819,NS,0,0.5,NS
