target,gene,clade,n_tips,rLR,rp,rK,rpos,bLR,bp,bpos
RSVA,NS1,A.D.3.2,6,2.537702873631588,0.1111563978035003,21.72851176366871,NS,0,0.5,NS
