target,gene,clade,n_tips,rLR,rp,rK,rpos,bLR,bp,bpos
RSVA,G,A.D.3,35,0.5498866234174784,0.4583640234830859,0.2869886264451211,NS,0,0.5,NS
