target,gene,clade,n_tips,rLR,rp,rK,rpos,bLR,bp,bpos
RSVB,F,B.D.4.1,44,0.9740714261333778,0.3236668717985083,0.534862027446815,NS,0,0.5,NS
