target,gene,clade,n_tips,rLR,rp,rK,rpos,bLR,bp,bpos
RSVA,M2-2,A.D.3.3,8,2.474485254321962,0.1157073183376679,0.2079709628703476,NS,0,0.5,NS
