target,gene,clade,n_tips,rLR,rp,rK,rpos,bLR,bp,bpos
RSVA,M,A.D.1.10,10,0.5789830461781094,0.4467112106861189,11.59428583063145,NS,0,0.5,NS
