target,gene,clade,n_tips,rLR,rp,rK,rpos,bLR,bp,bpos
RSVA,M,A.D.3.2,6,1.369417093173979,0.2419120604609777,0.7088466681214766,NS,0,0.5,NS
