target,gene,clade,n_tips,rLR,rp,rK,rpos,bLR,bp,bpos
RSVA,F,A.D.5.2,56,2.342249351704595,0.1259076315086342,2.73895813268462,NS,0.6207741403177351,0.366581557858595,NS
